22(R)12å**,19(R)12m**,46(R)12n**,13(R)2b**,10(R)2v**
08(R)12c,21(R)6x,13(R)2b**,07(R-),03(R)6z
05(R)2l,40(R)6k,42(R)2j,20(R-),06(R)2h
12(R)2g,18(R)6f,27(R)12d,34(R)42s,28(R)12a
11(R)2p,22(R)12å**,18(R)6f,28(R)12a,37(R)12o
22(R)12å**,08(R)12c,34(R)42s,28(R)12a,03(R)6z
47(R+),38(R)2i,34(R)42s,07(R-),44(R)2u
45(R)12y,05(R)2l,08(R)12c,21(R)6x,02(R-)
40(R)6k,46(R)12n**,39(R)2t,20(R-),26(R-)
22(R)12å**,40(R)6k,38(R)2i,18(R)6f,42(R)2j
22(R)12å**,08(R)12c,19(R)12m**,41(R-),10(R)2v**
45(R)12y,16(R)6r,34(R)42s,04(R)30e,35(R)6w
04(R)30e,27(R)12d,34(R)42s,28(R)12a,15(R)20q
45(R)12y,19(R)12m**,13(R)2b**,06(R)2h,01(R)2>
30(R)2<,46(R)12n**,16(R)6r,09(R-),10(R)2v**
45(R)12y,25,43(R-),37(R)12o,15(R)20q
05(R)2l,08(R)12c,21(R)6x,37(R)12o,15(R)20q
23(R)2~,04(R)30e,31(R+),13(R)2b**,15(R)20q
17(R)2+,27(R)12d,21(R)6x,03(R)6z,35(R)6w
17(R)2+,34(R)42s,39(R)2t,04(R)30e,03(R)6z
33(R)2-,34(R)42s,44(R)2u,04(R)30e,29(R-)
11(R)2p,40(R)6k,19(R)12m**,46(R)12n**,35(R)6w
30(R)2<,27(R)12d,46(R)12n**,42(R)2j,37(R)12o
32(R-),04(R)30e,19(R)12m**,16(R)6r,06(R)2h
12(R)2g,23(R)2~,33(R)2-,15(R)20q,01(R)2>
25,33(R)2-,31(R+),10(R)2v**,15(R)20q
12(R)2g,11(R)2p,17(R)2+,04(R)30e,06(R)2h
24(R+),13(R)2b**,39(R)2t,26(R-),01(R)2>
05(R)2l,08(R)12c,13(R)2b**,39(R)2t,20(R-)
40(R)6k,30(R)2<,13(R)2b**,01(R)2>,35(R)6w
38(R)2i,31(R+),08(R)12c,13(R)2b**,06(R)2h
32(R-),14(R-),38(R)2i,02(R-),26(R-)
12(R)2g,22(R)12å**,07(R-),06(R)2h,35(R)6w
12(R)2g,08(R)12c,21(R)6x,16(R)6r,41(R-)
32(R-),27(R)12d,16(R)6r,02(R-),01(R)2>
12(R)2g,23(R)2~,31(R+),36(R-),13(R)2b**
11(R)2p,38(R)2i,07(R-),06(R)2h,29(R-)
45(R)12y,43(R-),31(R+),20(R-),26(R-)
30(R)2<,08(R)12c,42(R)2j,28(R)12a,41(R-)
21(R)6x,16(R)6r,34(R)42s,07(R-),04(R)30e
14(R-),46(R)12n**,02(R-),07(R-),09(R-)
22(R)12å**,08(R)12c,34(R)42s,20(R-),35(R)6w
31(R+),46(R)12n**,16(R)6r,09(R-),10(R)2v**
25,07(R-),19(R)12m**,42(R)2j,29(R-)
25,46(R)12n**,34(R)42s,13(R)2b**,04(R)30e
22(R)12å**,07(R-),41(R-),10(R)2v**,03(R)6z
45(R)12y,38(R)2i,43(R-),42(R)2j,41(R-)
32(R-),05(R)2l,38(R)2i,43(R-),39(R)2t
47(R+),23(R)2~,46(R)12n**,28(R)12a,03(R)6z
12(R)2g,43(R-),36(R-),15(R)20q,03(R)6z
last25mega,last40mega,repeatedMega
