16(R)2å**,04(R)6m**,21(R-)**,07(R)6n**,34(R)6b**
14(R)2v,46(R)20c,09(R-),02(R-),07(R)6n**
20(R)2x,35(R-),08(R)2z,22(R)12l,34(R)6b**
16(R)2å**,46(R)20c,31(R-),09(R-),10(R)6k
42(R)20j,25(R)6h,29(R)2g,07(R)6n**,19(R)2f
25(R)6h,04(R)6m**,46(R)20c,34(R)6b**,13(R)12d
22(R)12l,41(R)6s,07(R)6n**,10(R)6k,03(R)20a
43(R)6p,42(R)20j,38(R)6o,41(R)6s,45(R)6i
43(R)6p,38(R)6o,05(R)12u,32(R)6y,39(R)6t
47(R)2r,46(R)20c,23(R)12e,03(R)20a,28(R)6w
43(R)6p,15(R)2q,36(R)2>,03(R)20a,12(R)2<
24(R)6~,34(R)6b**,07(R)6n**,32(R)6y,12(R)2<
04(R)6m**,23(R)12e,05(R)12u,22(R)12l,13(R)12d
42(R)20j,38(R)6o,18(R)6+,28(R)6w,13(R)12d
23(R)12e,08(R)2z,03(R)20a,32(R)6y,19(R)2f
37(R)6-,08(R)2z,22(R)12l,34(R)6b**,39(R)6t
01,18(R)6+,26(R-),22(R)12l,27(R)2)
24(R)6~,46(R)20c,36(R)2>,40(R-),27(R)2)
42(R)20j,29(R)2g,46(R)20c,05(R)12u,10(R)6k
04(R)6m**,06(R-),45(R)6i,05(R)12u,30(R+)
24(R)6~,35(R-),20(R)2x,37(R)6-,28(R)6w
14(R)2v,16(R)2å**,11(R)2(,39(R)6t,13(R)12d
14(R)2v,42(R)20j,21(R-)**,18(R)6+,45(R)6i
44(R-),25(R)6h,47(R)2r,11(R)2(,03(R)20a
15(R)2q,23(R)12e,20(R)2x,41(R)6s,37(R)6-
04(R)6m**,47(R)2r,02(R-),05(R)12u,40(R-)
42(R)20j,06(R-),08(R)2z,05(R)12u,12(R)2<
16(R)2å**,21(R-)**,20(R)2x,02(R-),34(R)6b**
35(R-),08(R)2z,10(R)6k,39(R)6t,12(R)2<
04(R)6m**,08(R)2z,30(R+),40(R-),33(R-)
16(R)2å**,43(R)6p,37(R)6-,30(R+),39(R)6t
44(R-),25(R)6h,07(R)6n**,34(R)6b**,40(R-)
16(R)2å**,31(R-),02(R-),19(R)2f,12(R)2<
42(R)20j,25(R)6h,47(R)2r,36(R)2>,02(R-)
04(R)6m**,06(R-),20(R)2x,41(R)6s,10(R)6k
42(R)20j,25(R)6h,22(R)12l,19(R)2f,33(R-)
47(R)2r,46(R)20c,35(R-),32(R)6y,27(R)2)
42(R)20j,31(R-),11(R)2(,08(R)2z,19(R)2f
25(R)6h,15(R)2q,07(R)6n**,30(R+),13(R)12d
47(R)2r,01,20(R)2x,30(R+),39(R)6t
25(R)6h,42(R)20j,21(R-)**,30(R+),34(R)6b**
25(R)6h,46(R)20c,20(R)2x,11(R)2(,03(R)20a
21(R-)**,05(R)12u,22(R)12l,34(R)6b**,39(R)6t
42(R)20j,17(R-),36(R)2>,26(R-),07(R)6n**
38(R)6o,21(R-)**,06(R-),36(R)2>,13(R)12d
44(R-),14(R)2v,11(R)2(,02(R-),05(R)12u
43(R)6p,35(R-),45(R)6i,07(R)6n**,27(R)2)
24(R)6~,29(R)2g,37(R)6-,02(R-),30(R+)
23(R)12e,35(R-),09(R-),03(R)20a,27(R)2)
22(R)12l,04(R)6m**,23(R)12e,20(R)2x,10(R)6k
last25mega,last40mega,repeatedMega
